{
  "config": {
    "n_wavelengths": 256,
    "train_samples": 1000,
    "model_type": "mlp"
  },
  "metrics": {
    "mse": 0.0003721128450706601,
    "mae": 0.01528148166835308,
    "rmse": 0.019290226672350433,
    "r2": 0.9373180270195007,
    "avg_peak_error_bins": 1.43,
    "max_peak_error_bins": 6,
    "avg_cosine_similarity": 0.9989928603172302
  }
}